Name, Time





B AJAY GOUD,19:03:58
054_VTR,10:23:26
036_PREETHI,10:24:28
054_VTR,10:24:56
036_PREETHI,10:38:12
036_PREETHI,10:40:49
58_CHANDI,10:53:14
036_PREETHI,10:56:49
036_PREETHI,10:58:07
58_CHANDI,10:58:24
58_CHANDI,10:59:32
58_CHANDI,10:59:38
036_PREETHI,10:59:52
58_CHANDI,11:01:06
054_VTR,10:59:57
036_PREETHI,11:00:28
234_RUTHWICK,11:02:10
58_CHANDI,11:02:33
054_VTR,11:02:52
036_PREETHI,11:03:14
58_CHANDI,11:04:18
007_MANVITH,11:04:23
52_CHANDI,18:44:59
52_CHANDI,21:43:54
1_CHANDI,21:44:06
013_CHANDI,21:47:42
013_CHANDI,21:51:26
013_CHANDI,21:53:27
093_SWEETY,21:53:33
013_CHANDI,22:31:55
013_CHANDI,22:41:54
013_CHANDI,22:52:43
013_CHANDI,22:55:59
013_CHANDI,22:58:44
013_CHANDI,23:03:12
013_CHANDI,23:08:22
013_CHANDI,10:51:14
013_CHANDI,10:52:27
013_CHANDI,10:54:54
013_CHANDI,10:56:57
054_THARUN,11:02:14
054_THARUN,11:04:04
013_CHANDI,11:07:29
013_CHANDI,11:43:00
013_CHANDI,14:51:03
013_CHANDI,17:19:08
031_SIVA,17:19:59
013_CHANDI,17:20:06
013_CHANDI,17:20:43
031_SIVA,17:21:53
013_CHANDI,17:22:11
013_CHANDI,17:23:30
031_SIVA,17:23:38
013_CHANDI,17:24:47
031_SIVA,17:24:54
013_CHANDI,17:44:41
013_CHANDI,10:41:35
013_CHANDI,21:06:41
013_CHANDI,10:56:47
013_CHANDI,13:01:23
29_MOHAN_0,13:03:23
013_CHANDI,13:03:27
013_CHANDI,13:03:54
013_CHANDI,13:04:05
013_CHANDI,13:04:18